{"cameraMode":{"drawMode":0,"name":"Shaded","section":"Shading Mode"},"sceneLighting":true,"audioPlay":false,"sceneViewState":{"showFog":false,"showMaterialUpdate":false,"showSkybox":false,"showFlares":false,"showImageEffects":false,"showParticleSystems":false},"in2DMode":false,"pivot":{"x":-15.206427574157715,"y":50.86595153808594,"z":7.636986255645752},"rotation":{"x":0.18254931271076203,"y":0.7899499535560608,"z":-0.28066563606262209,"w":0.5137205719947815},"size":3.054626703262329,"orthographic":true}